track_index	rbp_ct	rbp	ct	status	match_type	match_gene	fasta_index	h5_key	embedding_dim	original_id	uniprot_acc	uniprot_entry	fasta_gene	description	note
0	AARS_K562	AARS	K562	matched	alias	AARS1	7082	7082	1024	sp|P49588|SYAC_HUMAN	P49588	SYAC_HUMAN	AARS1	Alanine--tRNA ligase, cytoplasmic OS=Homo sapiens OX=9606 GN=AARS1 PE=1 SV=2	AARS->AARS1
1	AATF_K562	AATF	K562	matched	direct	AATF	15333	15333	1024	sp|Q9NY61|AATF_HUMAN	Q9NY61	AATF_HUMAN	AATF	Protein AATF OS=Homo sapiens OX=9606 GN=AATF PE=1 SV=1	
2	ABCF1_K562	ABCF1	K562	matched	direct	ABCF1	16752	16752	1024	sp|Q8NE71|ABCF1_HUMAN	Q8NE71	ABCF1_HUMAN	ABCF1	ATP-binding cassette sub-family F member 1 OS=Homo sapiens OX=9606 GN=ABCF1 PE=1 SV=2	
3	AGGF1_HepG2	AGGF1	HepG2	matched	direct	AGGF1	17834	17834	1024	sp|Q8N302|AGGF1_HUMAN	Q8N302	AGGF1_HUMAN	AGGF1	Angiogenic factor with G patch and FHA domains 1 OS=Homo sapiens OX=9606 GN=AGGF1 PE=1 SV=2	
4	AGGF1_K562	AGGF1	K562	matched	direct	AGGF1	17834	17834	1024	sp|Q8N302|AGGF1_HUMAN	Q8N302	AGGF1_HUMAN	AGGF1	Angiogenic factor with G patch and FHA domains 1 OS=Homo sapiens OX=9606 GN=AGGF1 PE=1 SV=2	
5	AKAP1_HepG2	AKAP1	HepG2	matched	direct	AKAP1	10811	10811	1024	sp|Q92667|AKAP1_HUMAN	Q92667	AKAP1_HUMAN	AKAP1	A-kinase anchor protein 1, mitochondrial OS=Homo sapiens OX=9606 GN=AKAP1 PE=1 SV=1	
6	AKAP1_K562	AKAP1	K562	matched	direct	AKAP1	10811	10811	1024	sp|Q92667|AKAP1_HUMAN	Q92667	AKAP1_HUMAN	AKAP1	A-kinase anchor protein 1, mitochondrial OS=Homo sapiens OX=9606 GN=AKAP1 PE=1 SV=1	
7	AKAP8L_K562	AKAP8L	K562	matched	direct	AKAP8L	17835	17835	1024	sp|Q9ULX6|AKP8L_HUMAN	Q9ULX6	AKP8L_HUMAN	AKAP8L	A-kinase anchor protein 8-like OS=Homo sapiens OX=9606 GN=AKAP8L PE=1 SV=4	
8	APOBEC3C_K562	APOBEC3C	K562	matched	direct	APOBEC3C	15248	15248	1024	sp|Q9NRW3|ABC3C_HUMAN	Q9NRW3	ABC3C_HUMAN	APOBEC3C	DNA dC->dU-editing enzyme APOBEC-3C OS=Homo sapiens OX=9606 GN=APOBEC3C PE=1 SV=2	
9	AQR_HepG2	AQR	HepG2	matched	direct	AQR	12784	12784	1024	sp|O60306|AQR_HUMAN	O60306	AQR_HUMAN	AQR	RNA helicase aquarius OS=Homo sapiens OX=9606 GN=AQR PE=1 SV=4	
10	AQR_K562	AQR	K562	matched	direct	AQR	12784	12784	1024	sp|O60306|AQR_HUMAN	O60306	AQR_HUMAN	AQR	RNA helicase aquarius OS=Homo sapiens OX=9606 GN=AQR PE=1 SV=4	
11	BCCIP_HepG2	BCCIP	HepG2	matched	direct	BCCIP	17000	17000	1024	sp|Q9P287|BCCIP_HUMAN	Q9P287	BCCIP_HUMAN	BCCIP	BRCA2 and CDKN1A-interacting protein OS=Homo sapiens OX=9606 GN=BCCIP PE=1 SV=1	
12	BCLAF1_HepG2	BCLAF1	HepG2	matched	direct	BCLAF1	17353	17353	1024	sp|Q9NYF8|BCLF1_HUMAN	Q9NYF8	BCLF1_HUMAN	BCLAF1	Bcl-2-associated transcription factor 1 OS=Homo sapiens OX=9606 GN=BCLAF1 PE=1 SV=2	
13	BUD13_HepG2	BUD13	HepG2	matched	direct	BUD13	15466	15466	1024	sp|Q9BRD0|BUD13_HUMAN	Q9BRD0	BUD13_HUMAN	BUD13	BUD13 homolog OS=Homo sapiens OX=9606 GN=BUD13 PE=1 SV=1	
14	BUD13_K562	BUD13	K562	matched	direct	BUD13	15466	15466	1024	sp|Q9BRD0|BUD13_HUMAN	Q9BRD0	BUD13_HUMAN	BUD13	BUD13 homolog OS=Homo sapiens OX=9606 GN=BUD13 PE=1 SV=1	
15	CDC40_HepG2	CDC40	HepG2	matched	direct	CDC40	3359	3359	1024	sp|O60508|PRP17_HUMAN	O60508	PRP17_HUMAN	CDC40	Pre-mRNA-processing factor 17 OS=Homo sapiens OX=9606 GN=CDC40 PE=1 SV=1	
16	CPEB4_K562	CPEB4	K562	matched	direct	CPEB4	12124	12124	1024	sp|Q17RY0|CPEB4_HUMAN	Q17RY0	CPEB4_HUMAN	CPEB4	Cytoplasmic polyadenylation element-binding protein 4 OS=Homo sapiens OX=9606 GN=CPEB4 PE=1 SV=1	
17	CPSF6_K562	CPSF6	K562	matched	direct	CPSF6	12880	12880	1024	sp|Q16630|CPSF6_HUMAN	Q16630	CPSF6_HUMAN	CPSF6	Cleavage and polyadenylation specificity factor subunit 6 OS=Homo sapiens OX=9606 GN=CPSF6 PE=1 SV=2	
18	CSTF2_HepG2	CSTF2	HepG2	matched	direct	CSTF2	13214	13214	1024	sp|P33240|CSTF2_HUMAN	P33240	CSTF2_HUMAN	CSTF2	Cleavage stimulation factor subunit 2 OS=Homo sapiens OX=9606 GN=CSTF2 PE=1 SV=1	
19	CSTF2T_HepG2	CSTF2T	HepG2	matched	direct	CSTF2T	20267	20267	1024	sp|Q9H0L4|CSTFT_HUMAN	Q9H0L4	CSTFT_HUMAN	CSTF2T	Cleavage stimulation factor subunit 2 tau variant OS=Homo sapiens OX=9606 GN=CSTF2T PE=1 SV=1	
20	CSTF2T_K562	CSTF2T	K562	matched	direct	CSTF2T	20267	20267	1024	sp|Q9H0L4|CSTFT_HUMAN	Q9H0L4	CSTFT_HUMAN	CSTF2T	Cleavage stimulation factor subunit 2 tau variant OS=Homo sapiens OX=9606 GN=CSTF2T PE=1 SV=1	
21	DDX21_K562	DDX21	K562	matched	direct	DDX21	12701	12701	1024	sp|Q9NR30|DDX21_HUMAN	Q9NR30	DDX21_HUMAN	DDX21	Nucleolar RNA helicase 2 OS=Homo sapiens OX=9606 GN=DDX21 PE=1 SV=5	
22	DDX24_K562	DDX24	K562	matched	direct	DDX24	15408	15408	1024	sp|Q9GZR7|DDX24_HUMAN	Q9GZR7	DDX24_HUMAN	DDX24	ATP-dependent RNA helicase DDX24 OS=Homo sapiens OX=9606 GN=DDX24 PE=1 SV=1	
23	DDX3X_HepG2	DDX3X	HepG2	matched	direct	DDX3X	19449	19449	1024	sp|O00571|DDX3X_HUMAN	O00571	DDX3X_HUMAN	DDX3X	ATP-dependent RNA helicase DDX3X OS=Homo sapiens OX=9606 GN=DDX3X PE=1 SV=3	
24	DDX3X_K562	DDX3X	K562	matched	direct	DDX3X	19449	19449	1024	sp|O00571|DDX3X_HUMAN	O00571	DDX3X_HUMAN	DDX3X	ATP-dependent RNA helicase DDX3X OS=Homo sapiens OX=9606 GN=DDX3X PE=1 SV=3	
25	DDX42_K562	DDX42	K562	matched	direct	DDX42	12887	12887	1024	sp|Q86XP3|DDX42_HUMAN	Q86XP3	DDX42_HUMAN	DDX42	ATP-dependent RNA helicase DDX42 OS=Homo sapiens OX=9606 GN=DDX42 PE=1 SV=1	
26	DDX51_K562	DDX51	K562	matched	direct	DDX51	15966	15966	1024	sp|Q8N8A6|DDX51_HUMAN	Q8N8A6	DDX51_HUMAN	DDX51	ATP-dependent RNA helicase DDX51 OS=Homo sapiens OX=9606 GN=DDX51 PE=1 SV=3	
27	DDX52_HepG2	DDX52	HepG2	matched	direct	DDX52	13298	13298	1024	sp|Q9Y2R4|DDX52_HUMAN	Q9Y2R4	DDX52_HUMAN	DDX52	Probable ATP-dependent RNA helicase DDX52 OS=Homo sapiens OX=9606 GN=DDX52 PE=1 SV=3	
28	DDX52_K562	DDX52	K562	matched	direct	DDX52	13298	13298	1024	sp|Q9Y2R4|DDX52_HUMAN	Q9Y2R4	DDX52_HUMAN	DDX52	Probable ATP-dependent RNA helicase DDX52 OS=Homo sapiens OX=9606 GN=DDX52 PE=1 SV=3	
29	DDX55_HepG2	DDX55	HepG2	matched	direct	DDX55	19450	19450	1024	sp|Q8NHQ9|DDX55_HUMAN	Q8NHQ9	DDX55_HUMAN	DDX55	ATP-dependent RNA helicase DDX55 OS=Homo sapiens OX=9606 GN=DDX55 PE=1 SV=3	
30	DDX55_K562	DDX55	K562	matched	direct	DDX55	19450	19450	1024	sp|Q8NHQ9|DDX55_HUMAN	Q8NHQ9	DDX55_HUMAN	DDX55	ATP-dependent RNA helicase DDX55 OS=Homo sapiens OX=9606 GN=DDX55 PE=1 SV=3	
31	DDX59_HepG2	DDX59	HepG2	matched	direct	DDX59	17812	17812	1024	sp|Q5T1V6|DDX59_HUMAN	Q5T1V6	DDX59_HUMAN	DDX59	Probable ATP-dependent RNA helicase DDX59 OS=Homo sapiens OX=9606 GN=DDX59 PE=1 SV=1	
32	DDX6_HepG2	DDX6	HepG2	matched	direct	DDX6	12704	12704	1024	sp|P26196|DDX6_HUMAN	P26196	DDX6_HUMAN	DDX6	Probable ATP-dependent RNA helicase DDX6 OS=Homo sapiens OX=9606 GN=DDX6 PE=1 SV=2	
33	DDX6_K562	DDX6	K562	matched	direct	DDX6	12704	12704	1024	sp|P26196|DDX6_HUMAN	P26196	DDX6_HUMAN	DDX6	Probable ATP-dependent RNA helicase DDX6 OS=Homo sapiens OX=9606 GN=DDX6 PE=1 SV=2	
34	DGCR8_HepG2	DGCR8	HepG2	matched	direct	DGCR8	17618	17618	1024	sp|Q8WYQ5|DGCR8_HUMAN	Q8WYQ5	DGCR8_HUMAN	DGCR8	Microprocessor complex subunit DGCR8 OS=Homo sapiens OX=9606 GN=DGCR8 PE=1 SV=1	
35	DGCR8_K562	DGCR8	K562	matched	direct	DGCR8	17618	17618	1024	sp|Q8WYQ5|DGCR8_HUMAN	Q8WYQ5	DGCR8_HUMAN	DGCR8	Microprocessor complex subunit DGCR8 OS=Homo sapiens OX=9606 GN=DGCR8 PE=1 SV=1	
36	DHX30_HepG2	DHX30	HepG2	matched	direct	DHX30	624	624	1024	sp|Q7L2E3|DHX30_HUMAN	Q7L2E3	DHX30_HUMAN	DHX30	ATP-dependent RNA helicase DHX30 OS=Homo sapiens OX=9606 GN=DHX30 PE=1 SV=1	
37	DHX30_K562	DHX30	K562	matched	direct	DHX30	624	624	1024	sp|Q7L2E3|DHX30_HUMAN	Q7L2E3	DHX30_HUMAN	DHX30	ATP-dependent RNA helicase DHX30 OS=Homo sapiens OX=9606 GN=DHX30 PE=1 SV=1	
38	DKC1_HepG2	DKC1	HepG2	matched	direct	DKC1	14683	14683	1024	sp|O60832|DKC1_HUMAN	O60832	DKC1_HUMAN	DKC1	H/ACA ribonucleoprotein complex subunit DKC1 OS=Homo sapiens OX=9606 GN=DKC1 PE=1 SV=3	
39	DROSHA_HepG2	DROSHA	HepG2	matched	direct	DROSHA	3365	3365	1024	sp|Q9NRR4|RNC_HUMAN	Q9NRR4	RNC_HUMAN	DROSHA	Ribonuclease 3 OS=Homo sapiens OX=9606 GN=DROSHA PE=1 SV=2	
40	DROSHA_K562	DROSHA	K562	matched	direct	DROSHA	3365	3365	1024	sp|Q9NRR4|RNC_HUMAN	Q9NRR4	RNC_HUMAN	DROSHA	Ribonuclease 3 OS=Homo sapiens OX=9606 GN=DROSHA PE=1 SV=2	
41	EFTUD2_HepG2	EFTUD2	HepG2	matched	direct	EFTUD2	7946	7946	1024	sp|Q15029|U5S1_HUMAN	Q15029	U5S1_HUMAN	EFTUD2	116 kDa U5 small nuclear ribonucleoprotein component OS=Homo sapiens OX=9606 GN=EFTUD2 PE=1 SV=1	
42	EFTUD2_K562	EFTUD2	K562	matched	direct	EFTUD2	7946	7946	1024	sp|Q15029|U5S1_HUMAN	Q15029	U5S1_HUMAN	EFTUD2	116 kDa U5 small nuclear ribonucleoprotein component OS=Homo sapiens OX=9606 GN=EFTUD2 PE=1 SV=1	
43	EIF3D_HepG2	EIF3D	HepG2	matched	direct	EIF3D	13639	13639	1024	sp|O15371|EIF3D_HUMAN	O15371	EIF3D_HUMAN	EIF3D	Eukaryotic translation initiation factor 3 subunit D OS=Homo sapiens OX=9606 GN=EIF3D PE=1 SV=1	
44	EIF3G_K562	EIF3G	K562	matched	direct	EIF3G	14776	14776	1024	sp|O75821|EIF3G_HUMAN	O75821	EIF3G_HUMAN	EIF3G	Eukaryotic translation initiation factor 3 subunit G OS=Homo sapiens OX=9606 GN=EIF3G PE=1 SV=2	
45	EIF3H_HepG2	EIF3H	HepG2	matched	direct	EIF3H	15973	15973	1024	sp|O15372|EIF3H_HUMAN	O15372	EIF3H_HUMAN	EIF3H	Eukaryotic translation initiation factor 3 subunit H OS=Homo sapiens OX=9606 GN=EIF3H PE=1 SV=1	
46	EIF4G2_K562	EIF4G2	K562	matched	direct	EIF4G2	18820	18820	1024	sp|P78344|IF4G2_HUMAN	P78344	IF4G2_HUMAN	EIF4G2	Eukaryotic translation initiation factor 4 gamma 2 OS=Homo sapiens OX=9606 GN=EIF4G2 PE=1 SV=1	
47	EWSR1_K562	EWSR1	K562	matched	direct	EWSR1	14786	14786	1024	sp|Q01844|EWS_HUMAN	Q01844	EWS_HUMAN	EWSR1	RNA-binding protein EWS OS=Homo sapiens OX=9606 GN=EWSR1 PE=1 SV=1	
48	EXOSC5_HepG2	EXOSC5	HepG2	matched	direct	EXOSC5	15882	15882	1024	sp|Q9NQT4|EXOS5_HUMAN	Q9NQT4	EXOS5_HUMAN	EXOSC5	Exosome complex component RRP46 OS=Homo sapiens OX=9606 GN=EXOSC5 PE=1 SV=1	
49	EXOSC5_K562	EXOSC5	K562	matched	direct	EXOSC5	15882	15882	1024	sp|Q9NQT4|EXOS5_HUMAN	Q9NQT4	EXOS5_HUMAN	EXOSC5	Exosome complex component RRP46 OS=Homo sapiens OX=9606 GN=EXOSC5 PE=1 SV=1	
50	FAM120A_HepG2	FAM120A	HepG2	matched	direct	FAM120A	12503	12503	1024	sp|Q9NZB2|F120A_HUMAN	Q9NZB2	F120A_HUMAN	FAM120A	Constitutive coactivator of PPAR-gamma-like protein 1 OS=Homo sapiens OX=9606 GN=FAM120A PE=1 SV=2	
51	FAM120A_K562	FAM120A	K562	matched	direct	FAM120A	12503	12503	1024	sp|Q9NZB2|F120A_HUMAN	Q9NZB2	F120A_HUMAN	FAM120A	Constitutive coactivator of PPAR-gamma-like protein 1 OS=Homo sapiens OX=9606 GN=FAM120A PE=1 SV=2	
52	FASTKD2_HepG2	FASTKD2	HepG2	matched	direct	FASTKD2	12738	12738	1024	sp|Q9NYY8|FAKD2_HUMAN	Q9NYY8	FAKD2_HUMAN	FASTKD2	FAST kinase domain-containing protein 2, mitochondrial OS=Homo sapiens OX=9606 GN=FASTKD2 PE=1 SV=1	
53	FASTKD2_K562	FASTKD2	K562	matched	direct	FASTKD2	12738	12738	1024	sp|Q9NYY8|FAKD2_HUMAN	Q9NYY8	FAKD2_HUMAN	FASTKD2	FAST kinase domain-containing protein 2, mitochondrial OS=Homo sapiens OX=9606 GN=FASTKD2 PE=1 SV=1	
54	FKBP4_HepG2	FKBP4	HepG2	matched	direct	FKBP4	13128	13128	1024	sp|Q02790|FKBP4_HUMAN	Q02790	FKBP4_HUMAN	FKBP4	Peptidyl-prolyl cis-trans isomerase FKBP4 OS=Homo sapiens OX=9606 GN=FKBP4 PE=1 SV=3	
55	FMR1_K562	FMR1	K562	matched	direct	FMR1	14807	14807	1024	sp|Q06787|FMR1_HUMAN	Q06787	FMR1_HUMAN	FMR1	Synaptic functional regulator FMR1 OS=Homo sapiens OX=9606 GN=FMR1 PE=1 SV=1	
56	FTO_HepG2	FTO	HepG2	matched	direct	FTO	13334	13334	1024	sp|Q9C0B1|FTO_HUMAN	Q9C0B1	FTO_HUMAN	FTO	Alpha-ketoglutarate-dependent dioxygenase FTO OS=Homo sapiens OX=9606 GN=FTO PE=1 SV=3	
57	FTO_K562	FTO	K562	matched	direct	FTO	13334	13334	1024	sp|Q9C0B1|FTO_HUMAN	Q9C0B1	FTO_HUMAN	FTO	Alpha-ketoglutarate-dependent dioxygenase FTO OS=Homo sapiens OX=9606 GN=FTO PE=1 SV=3	
58	FUBP3_HepG2	FUBP3	HepG2	matched	direct	FUBP3	14426	14426	1024	sp|Q96I24|FUBP3_HUMAN	Q96I24	FUBP3_HUMAN	FUBP3	Far upstream element-binding protein 3 OS=Homo sapiens OX=9606 GN=FUBP3 PE=1 SV=2	
59	FUS_HepG2	FUS	HepG2	matched	direct	FUS	11367	11367	1024	sp|P35637|FUS_HUMAN	P35637	FUS_HUMAN	FUS	RNA-binding protein FUS OS=Homo sapiens OX=9606 GN=FUS PE=1 SV=1	
60	FUS_K562	FUS	K562	matched	direct	FUS	11367	11367	1024	sp|P35637|FUS_HUMAN	P35637	FUS_HUMAN	FUS	RNA-binding protein FUS OS=Homo sapiens OX=9606 GN=FUS PE=1 SV=1	
61	FXR1_K562	FXR1	K562	matched	direct	FXR1	15130	15130	1024	sp|P51114|FXR1_HUMAN	P51114	FXR1_HUMAN	FXR1	Fragile X mental retardation syndrome-related protein 1 OS=Homo sapiens OX=9606 GN=FXR1 PE=1 SV=3	
62	FXR2_HepG2	FXR2	HepG2	matched	direct	FXR2	12523	12523	1024	sp|P51116|FXR2_HUMAN	P51116	FXR2_HUMAN	FXR2	Fragile X mental retardation syndrome-related protein 2 OS=Homo sapiens OX=9606 GN=FXR2 PE=1 SV=2	
63	FXR2_K562	FXR2	K562	matched	direct	FXR2	12523	12523	1024	sp|P51116|FXR2_HUMAN	P51116	FXR2_HUMAN	FXR2	Fragile X mental retardation syndrome-related protein 2 OS=Homo sapiens OX=9606 GN=FXR2 PE=1 SV=2	
64	G3BP1_HepG2	G3BP1	HepG2	matched	direct	G3BP1	15654	15654	1024	sp|Q13283|G3BP1_HUMAN	Q13283	G3BP1_HUMAN	G3BP1	Ras GTPase-activating protein-binding protein 1 OS=Homo sapiens OX=9606 GN=G3BP1 PE=1 SV=1	
65	GEMIN5_K562	GEMIN5	K562	matched	direct	GEMIN5	13444	13444	1024	sp|Q8TEQ6|GEMI5_HUMAN	Q8TEQ6	GEMI5_HUMAN	GEMIN5	Gem-associated protein 5 OS=Homo sapiens OX=9606 GN=GEMIN5 PE=1 SV=3	
66	GNL3_K562	GNL3	K562	matched	direct	GNL3	14433	14433	1024	sp|Q9BVP2|GNL3_HUMAN	Q9BVP2	GNL3_HUMAN	GNL3	Guanine nucleotide-binding protein-like 3 OS=Homo sapiens OX=9606 GN=GNL3 PE=1 SV=2	
67	GPKOW_K562	GPKOW	K562	matched	direct	GPKOW	4268	4268	1024	sp|Q92917|GPKOW_HUMAN	Q92917	GPKOW_HUMAN	GPKOW	G-patch domain and KOW motifs-containing protein OS=Homo sapiens OX=9606 GN=GPKOW PE=1 SV=2	
68	GRSF1_HepG2	GRSF1	HepG2	matched	direct	GRSF1	19124	19124	1024	sp|Q12849|GRSF1_HUMAN	Q12849	GRSF1_HUMAN	GRSF1	G-rich sequence factor 1 OS=Homo sapiens OX=9606 GN=GRSF1 PE=1 SV=3	
69	GRWD1_HepG2	GRWD1	HepG2	matched	direct	GRWD1	14139	14139	1024	sp|Q9BQ67|GRWD1_HUMAN	Q9BQ67	GRWD1_HUMAN	GRWD1	Glutamate-rich WD repeat-containing protein 1 OS=Homo sapiens OX=9606 GN=GRWD1 PE=1 SV=1	
70	GRWD1_K562	GRWD1	K562	matched	direct	GRWD1	14139	14139	1024	sp|Q9BQ67|GRWD1_HUMAN	Q9BQ67	GRWD1_HUMAN	GRWD1	Glutamate-rich WD repeat-containing protein 1 OS=Homo sapiens OX=9606 GN=GRWD1 PE=1 SV=1	
71	GTF2F1_HepG2	GTF2F1	HepG2	matched	direct	GTF2F1	1036	1036	1024	sp|P35269|T2FA_HUMAN	P35269	T2FA_HUMAN	GTF2F1	General transcription factor IIF subunit 1 OS=Homo sapiens OX=9606 GN=GTF2F1 PE=1 SV=2	
72	GTF2F1_K562	GTF2F1	K562	matched	direct	GTF2F1	1036	1036	1024	sp|P35269|T2FA_HUMAN	P35269	T2FA_HUMAN	GTF2F1	General transcription factor IIF subunit 1 OS=Homo sapiens OX=9606 GN=GTF2F1 PE=1 SV=2	
73	HLTF_HepG2	HLTF	HepG2	matched	direct	HLTF	19228	19228	1024	sp|Q14527|HLTF_HUMAN	Q14527	HLTF_HUMAN	HLTF	Helicase-like transcription factor OS=Homo sapiens OX=9606 GN=HLTF PE=1 SV=2	
74	HLTF_K562	HLTF	K562	matched	direct	HLTF	19228	19228	1024	sp|Q14527|HLTF_HUMAN	Q14527	HLTF_HUMAN	HLTF	Helicase-like transcription factor OS=Homo sapiens OX=9606 GN=HLTF PE=1 SV=2	
75	HNRNPA1_HepG2	HNRNPA1	HepG2	matched	direct	HNRNPA1	9485	9485	1024	sp|P09651|ROA1_HUMAN	P09651	ROA1_HUMAN	HNRNPA1	Heterogeneous nuclear ribonucleoprotein A1 OS=Homo sapiens OX=9606 GN=HNRNPA1 PE=1 SV=5	
76	HNRNPA1_K562	HNRNPA1	K562	matched	direct	HNRNPA1	9485	9485	1024	sp|P09651|ROA1_HUMAN	P09651	ROA1_HUMAN	HNRNPA1	Heterogeneous nuclear ribonucleoprotein A1 OS=Homo sapiens OX=9606 GN=HNRNPA1 PE=1 SV=5	
77	HNRNPC_HepG2	HNRNPC	HepG2	matched	direct	HNRNPC	3898	3898	1024	sp|P07910|HNRPC_HUMAN	P07910	HNRPC_HUMAN	HNRNPC	Heterogeneous nuclear ribonucleoproteins C1/C2 OS=Homo sapiens OX=9606 GN=HNRNPC PE=1 SV=4	
78	HNRNPC_K562	HNRNPC	K562	matched	direct	HNRNPC	3898	3898	1024	sp|P07910|HNRPC_HUMAN	P07910	HNRPC_HUMAN	HNRNPC	Heterogeneous nuclear ribonucleoproteins C1/C2 OS=Homo sapiens OX=9606 GN=HNRNPC PE=1 SV=4	
79	HNRNPK_HepG2	HNRNPK	HepG2	matched	direct	HNRNPK	18524	18524	1024	sp|P61978|HNRPK_HUMAN	P61978	HNRPK_HUMAN	HNRNPK	Heterogeneous nuclear ribonucleoprotein K OS=Homo sapiens OX=9606 GN=HNRNPK PE=1 SV=1	
80	HNRNPK_K562	HNRNPK	K562	matched	direct	HNRNPK	18524	18524	1024	sp|P61978|HNRPK_HUMAN	P61978	HNRPK_HUMAN	HNRNPK	Heterogeneous nuclear ribonucleoprotein K OS=Homo sapiens OX=9606 GN=HNRNPK PE=1 SV=1	
81	HNRNPL_HepG2	HNRNPL	HepG2	matched	direct	HNRNPL	5331	5331	1024	sp|P14866|HNRPL_HUMAN	P14866	HNRPL_HUMAN	HNRNPL	Heterogeneous nuclear ribonucleoprotein L OS=Homo sapiens OX=9606 GN=HNRNPL PE=1 SV=2	
82	HNRNPL_K562	HNRNPL	K562	matched	direct	HNRNPL	5331	5331	1024	sp|P14866|HNRPL_HUMAN	P14866	HNRPL_HUMAN	HNRNPL	Heterogeneous nuclear ribonucleoprotein L OS=Homo sapiens OX=9606 GN=HNRNPL PE=1 SV=2	
83	HNRNPM_HepG2	HNRNPM	HepG2	matched	direct	HNRNPM	18288	18288	1024	sp|P52272|HNRPM_HUMAN	P52272	HNRPM_HUMAN	HNRNPM	Heterogeneous nuclear ribonucleoprotein M OS=Homo sapiens OX=9606 GN=HNRNPM PE=1 SV=3	
84	HNRNPM_K562	HNRNPM	K562	matched	direct	HNRNPM	18288	18288	1024	sp|P52272|HNRPM_HUMAN	P52272	HNRPM_HUMAN	HNRNPM	Heterogeneous nuclear ribonucleoprotein M OS=Homo sapiens OX=9606 GN=HNRNPM PE=1 SV=3	
85	HNRNPU_HepG2	HNRNPU	HepG2	matched	direct	HNRNPU	19229	19229	1024	sp|Q00839|HNRPU_HUMAN	Q00839	HNRPU_HUMAN	HNRNPU	Heterogeneous nuclear ribonucleoprotein U OS=Homo sapiens OX=9606 GN=HNRNPU PE=1 SV=6	
86	HNRNPU_K562	HNRNPU	K562	matched	direct	HNRNPU	19229	19229	1024	sp|Q00839|HNRPU_HUMAN	Q00839	HNRPU_HUMAN	HNRNPU	Heterogeneous nuclear ribonucleoprotein U OS=Homo sapiens OX=9606 GN=HNRNPU PE=1 SV=6	
87	HNRNPUL1_HepG2	HNRNPUL1	HepG2	matched	direct	HNRNPUL1	5017	5017	1024	sp|Q9BUJ2|HNRL1_HUMAN	Q9BUJ2	HNRL1_HUMAN	HNRNPUL1	Heterogeneous nuclear ribonucleoprotein U-like protein 1 OS=Homo sapiens OX=9606 GN=HNRNPUL1 PE=1 SV=2	
88	HNRNPUL1_K562	HNRNPUL1	K562	matched	direct	HNRNPUL1	5017	5017	1024	sp|Q9BUJ2|HNRL1_HUMAN	Q9BUJ2	HNRL1_HUMAN	HNRNPUL1	Heterogeneous nuclear ribonucleoprotein U-like protein 1 OS=Homo sapiens OX=9606 GN=HNRNPUL1 PE=1 SV=2	
89	IGF2BP1_HepG2	IGF2BP1	HepG2	matched	direct	IGF2BP1	19533	19533	1024	sp|Q9NZI8|IF2B1_HUMAN	Q9NZI8	IF2B1_HUMAN	IGF2BP1	Insulin-like growth factor 2 mRNA-binding protein 1 OS=Homo sapiens OX=9606 GN=IGF2BP1 PE=1 SV=2	
90	IGF2BP1_K562	IGF2BP1	K562	matched	direct	IGF2BP1	19533	19533	1024	sp|Q9NZI8|IF2B1_HUMAN	Q9NZI8	IF2B1_HUMAN	IGF2BP1	Insulin-like growth factor 2 mRNA-binding protein 1 OS=Homo sapiens OX=9606 GN=IGF2BP1 PE=1 SV=2	
91	IGF2BP2_K562	IGF2BP2	K562	matched	direct	IGF2BP2	3905	3905	1024	sp|Q9Y6M1|IF2B2_HUMAN	Q9Y6M1	IF2B2_HUMAN	IGF2BP2	Insulin-like growth factor 2 mRNA-binding protein 2 OS=Homo sapiens OX=9606 GN=IGF2BP2 PE=1 SV=2	
92	IGF2BP3_HepG2	IGF2BP3	HepG2	matched	direct	IGF2BP3	11482	11482	1024	sp|O00425|IF2B3_HUMAN	O00425	IF2B3_HUMAN	IGF2BP3	Insulin-like growth factor 2 mRNA-binding protein 3 OS=Homo sapiens OX=9606 GN=IGF2BP3 PE=1 SV=2	
93	ILF3_HepG2	ILF3	HepG2	matched	direct	ILF3	6537	6537	1024	sp|Q12906|ILF3_HUMAN	Q12906	ILF3_HUMAN	ILF3	Interleukin enhancer-binding factor 3 OS=Homo sapiens OX=9606 GN=ILF3 PE=1 SV=3	
94	ILF3_K562	ILF3	K562	matched	direct	ILF3	6537	6537	1024	sp|Q12906|ILF3_HUMAN	Q12906	ILF3_HUMAN	ILF3	Interleukin enhancer-binding factor 3 OS=Homo sapiens OX=9606 GN=ILF3 PE=1 SV=3	
95	KHDRBS1_K562	KHDRBS1	K562	matched	direct	KHDRBS1	6246	6246	1024	sp|Q07666|KHDR1_HUMAN	Q07666	KHDR1_HUMAN	KHDRBS1	KH domain-containing, RNA-binding, signal transduction-associated protein 1 OS=Homo sapiens OX=9606 GN=KHDRBS1 PE=1 SV=1	
96	KHSRP_HepG2	KHSRP	HepG2	matched	direct	KHSRP	13141	13141	1024	sp|Q92945|FUBP2_HUMAN	Q92945	FUBP2_HUMAN	KHSRP	Far upstream element-binding protein 2 OS=Homo sapiens OX=9606 GN=KHSRP PE=1 SV=4	
97	KHSRP_K562	KHSRP	K562	matched	direct	KHSRP	13141	13141	1024	sp|Q92945|FUBP2_HUMAN	Q92945	FUBP2_HUMAN	KHSRP	Far upstream element-binding protein 2 OS=Homo sapiens OX=9606 GN=KHSRP PE=1 SV=4	
98	LARP4_HepG2	LARP4	HepG2	matched	direct	LARP4	18863	18863	1024	sp|Q71RC2|LARP4_HUMAN	Q71RC2	LARP4_HUMAN	LARP4	La-related protein 4 OS=Homo sapiens OX=9606 GN=LARP4 PE=1 SV=3	
99	LARP4_K562	LARP4	K562	matched	direct	LARP4	18863	18863	1024	sp|Q71RC2|LARP4_HUMAN	Q71RC2	LARP4_HUMAN	LARP4	La-related protein 4 OS=Homo sapiens OX=9606 GN=LARP4 PE=1 SV=3	
100	LARP7_HepG2	LARP7	HepG2	matched	direct	LARP7	18637	18637	1024	sp|Q4G0J3|LARP7_HUMAN	Q4G0J3	LARP7_HUMAN	LARP7	La-related protein 7 OS=Homo sapiens OX=9606 GN=LARP7 PE=1 SV=1	
101	LARP7_K562	LARP7	K562	matched	direct	LARP7	18637	18637	1024	sp|Q4G0J3|LARP7_HUMAN	Q4G0J3	LARP7_HUMAN	LARP7	La-related protein 7 OS=Homo sapiens OX=9606 GN=LARP7 PE=1 SV=1	
102	LIN28B_HepG2	LIN28B	HepG2	matched	direct	LIN28B	8440	8440	1024	sp|Q6ZN17|LN28B_HUMAN	Q6ZN17	LN28B_HUMAN	LIN28B	Protein lin-28 homolog B OS=Homo sapiens OX=9606 GN=LIN28B PE=1 SV=1	
103	LIN28B_K562	LIN28B	K562	matched	direct	LIN28B	8440	8440	1024	sp|Q6ZN17|LN28B_HUMAN	Q6ZN17	LN28B_HUMAN	LIN28B	Protein lin-28 homolog B OS=Homo sapiens OX=9606 GN=LIN28B PE=1 SV=1	
104	LSM11_HepG2	LSM11	HepG2	matched	direct	LSM11	19606	19606	1024	sp|P83369|LSM11_HUMAN	P83369	LSM11_HUMAN	LSM11	U7 snRNA-associated Sm-like protein LSm11 OS=Homo sapiens OX=9606 GN=LSM11 PE=1 SV=2	
105	LSM11_K562	LSM11	K562	matched	direct	LSM11	19606	19606	1024	sp|P83369|LSM11_HUMAN	P83369	LSM11_HUMAN	LSM11	U7 snRNA-associated Sm-like protein LSm11 OS=Homo sapiens OX=9606 GN=LSM11 PE=1 SV=2	
106	MATR3_HepG2	MATR3	HepG2	matched	direct	MATR3	14067	14067	1024	sp|P43243|MATR3_HUMAN	P43243	MATR3_HUMAN	MATR3	Matrin-3 OS=Homo sapiens OX=9606 GN=MATR3 PE=1 SV=2	
107	MATR3_K562	MATR3	K562	matched	direct	MATR3	14067	14067	1024	sp|P43243|MATR3_HUMAN	P43243	MATR3_HUMAN	MATR3	Matrin-3 OS=Homo sapiens OX=9606 GN=MATR3 PE=1 SV=2	
108	METAP2_K562	METAP2	K562	matched	direct	METAP2	19717	19717	1024	sp|P50579|MAP2_HUMAN	P50579	MAP2_HUMAN	METAP2	Methionine aminopeptidase 2 OS=Homo sapiens OX=9606 GN=METAP2 PE=1 SV=1	
109	MTPAP_K562	MTPAP	K562	matched	direct	MTPAP	4173	4173	1024	sp|Q9NVV4|PAPD1_HUMAN	Q9NVV4	PAPD1_HUMAN	MTPAP	Poly(A) RNA polymerase, mitochondrial OS=Homo sapiens OX=9606 GN=MTPAP PE=1 SV=1	
110	NCBP2_HepG2	NCBP2	HepG2	matched	direct	NCBP2	18673	18673	1024	sp|P52298|NCBP2_HUMAN	P52298	NCBP2_HUMAN	NCBP2	Nuclear cap-binding protein subunit 2 OS=Homo sapiens OX=9606 GN=NCBP2 PE=1 SV=1	
111	NCBP2_K562	NCBP2	K562	matched	direct	NCBP2	18673	18673	1024	sp|P52298|NCBP2_HUMAN	P52298	NCBP2_HUMAN	NCBP2	Nuclear cap-binding protein subunit 2 OS=Homo sapiens OX=9606 GN=NCBP2 PE=1 SV=1	
112	NIP7_HepG2	NIP7	HepG2	matched	direct	NIP7	19275	19275	1024	sp|Q9Y221|NIP7_HUMAN	Q9Y221	NIP7_HUMAN	NIP7	60S ribosome subunit biogenesis protein NIP7 homolog OS=Homo sapiens OX=9606 GN=NIP7 PE=1 SV=1	
113	NIPBL_K562	NIPBL	K562	matched	direct	NIPBL	5773	5773	1024	sp|Q6KC79|NIPBL_HUMAN	Q6KC79	NIPBL_HUMAN	NIPBL	Nipped-B-like protein OS=Homo sapiens OX=9606 GN=NIPBL PE=1 SV=2	
114	NKRF_HepG2	NKRF	HepG2	matched	direct	NKRF	3283	3283	1024	sp|O15226|NKRF_HUMAN	O15226	NKRF_HUMAN	NKRF	NF-kappa-B-repressing factor OS=Homo sapiens OX=9606 GN=NKRF PE=1 SV=2	
115	NOL12_HepG2	NOL12	HepG2	matched	direct	NOL12	5987	5987	1024	sp|Q9UGY1|NOL12_HUMAN	Q9UGY1	NOL12_HUMAN	NOL12	Nucleolar protein 12 OS=Homo sapiens OX=9606 GN=NOL12 PE=1 SV=1	
116	NOLC1_HepG2	NOLC1	HepG2	matched	direct	NOLC1	18264	18264	1024	sp|Q14978|NOLC1_HUMAN	Q14978	NOLC1_HUMAN	NOLC1	Nucleolar and coiled-body phosphoprotein 1 OS=Homo sapiens OX=9606 GN=NOLC1 PE=1 SV=2	
117	NOLC1_K562	NOLC1	K562	matched	direct	NOLC1	18264	18264	1024	sp|Q14978|NOLC1_HUMAN	Q14978	NOLC1_HUMAN	NOLC1	Nucleolar and coiled-body phosphoprotein 1 OS=Homo sapiens OX=9606 GN=NOLC1 PE=1 SV=2	
118	NONO_K562	NONO	K562	matched	direct	NONO	20159	20159	1024	sp|Q15233|NONO_HUMAN	Q15233	NONO_HUMAN	NONO	Non-POU domain-containing octamer-binding protein OS=Homo sapiens OX=9606 GN=NONO PE=1 SV=4	
119	NPM1_K562	NPM1	K562	matched	direct	NPM1	5630	5630	1024	sp|P06748|NPM_HUMAN	P06748	NPM_HUMAN	NPM1	Nucleophosmin OS=Homo sapiens OX=9606 GN=NPM1 PE=1 SV=2	
120	NSUN2_K562	NSUN2	K562	matched	direct	NSUN2	6321	6321	1024	sp|Q08J23|NSUN2_HUMAN	Q08J23	NSUN2_HUMAN	NSUN2	RNA cytosine C(5)-methyltransferase NSUN2 OS=Homo sapiens OX=9606 GN=NSUN2 PE=1 SV=2	
121	PABPC4_K562	PABPC4	K562	matched	direct	PABPC4	4589	4589	1024	sp|Q13310|PABP4_HUMAN	Q13310	PABP4_HUMAN	PABPC4	Polyadenylate-binding protein 4 OS=Homo sapiens OX=9606 GN=PABPC4 PE=1 SV=1	
122	PABPN1_HepG2	PABPN1	HepG2	matched	direct	PABPN1	8589	8589	1024	sp|Q86U42|PABP2_HUMAN	Q86U42	PABP2_HUMAN	PABPN1	Polyadenylate-binding protein 2 OS=Homo sapiens OX=9606 GN=PABPN1 PE=1 SV=3	
123	PCBP1_HepG2	PCBP1	HepG2	matched	direct	PCBP1	5045	5045	1024	sp|Q15365|PCBP1_HUMAN	Q15365	PCBP1_HUMAN	PCBP1	Poly(rC)-binding protein 1 OS=Homo sapiens OX=9606 GN=PCBP1 PE=1 SV=2	
124	PCBP1_K562	PCBP1	K562	matched	direct	PCBP1	5045	5045	1024	sp|Q15365|PCBP1_HUMAN	Q15365	PCBP1_HUMAN	PCBP1	Poly(rC)-binding protein 1 OS=Homo sapiens OX=9606 GN=PCBP1 PE=1 SV=2	
125	PCBP2_HepG2	PCBP2	HepG2	matched	direct	PCBP2	5204	5204	1024	sp|Q15366|PCBP2_HUMAN	Q15366	PCBP2_HUMAN	PCBP2	Poly(rC)-binding protein 2 OS=Homo sapiens OX=9606 GN=PCBP2 PE=1 SV=1	
126	PHF6_K562	PHF6	K562	matched	direct	PHF6	6565	6565	1024	sp|Q8IWS0|PHF6_HUMAN	Q8IWS0	PHF6_HUMAN	PHF6	PHD finger protein 6 OS=Homo sapiens OX=9606 GN=PHF6 PE=1 SV=1	
127	POLR2G_HepG2	POLR2G	HepG2	matched	direct	POLR2G	8157	8157	1024	sp|P62487|RPB7_HUMAN	P62487	RPB7_HUMAN	POLR2G	DNA-directed RNA polymerase II subunit RPB7 OS=Homo sapiens OX=9606 GN=POLR2G PE=1 SV=1	
128	PPIG_HepG2	PPIG	HepG2	matched	direct	PPIG	3239	3239	1024	sp|Q13427|PPIG_HUMAN	Q13427	PPIG_HUMAN	PPIG	Peptidyl-prolyl cis-trans isomerase G OS=Homo sapiens OX=9606 GN=PPIG PE=1 SV=2	
129	PPIL4_K562	PPIL4	K562	matched	direct	PPIL4	3069	3069	1024	sp|Q8WUA2|PPIL4_HUMAN	Q8WUA2	PPIL4_HUMAN	PPIL4	Peptidyl-prolyl cis-trans isomerase-like 4 OS=Homo sapiens OX=9606 GN=PPIL4 PE=1 SV=1	
130	PRPF4_HepG2	PRPF4	HepG2	matched	direct	PRPF4	5470	5470	1024	sp|O43172|PRP4_HUMAN	O43172	PRP4_HUMAN	PRPF4	U4/U6 small nuclear ribonucleoprotein Prp4 OS=Homo sapiens OX=9606 GN=PRPF4 PE=1 SV=2	
131	PRPF8_HepG2	PRPF8	HepG2	matched	direct	PRPF8	5471	5471	1024	sp|Q6P2Q9|PRP8_HUMAN	Q6P2Q9	PRP8_HUMAN	PRPF8	Pre-mRNA-processing-splicing factor 8 OS=Homo sapiens OX=9606 GN=PRPF8 PE=1 SV=2	
132	PRPF8_K562	PRPF8	K562	matched	direct	PRPF8	5471	5471	1024	sp|Q6P2Q9|PRP8_HUMAN	Q6P2Q9	PRP8_HUMAN	PRPF8	Pre-mRNA-processing-splicing factor 8 OS=Homo sapiens OX=9606 GN=PRPF8 PE=1 SV=2	
133	PTBP1_HepG2	PTBP1	HepG2	matched	direct	PTBP1	4922	4922	1024	sp|P26599|PTBP1_HUMAN	P26599	PTBP1_HUMAN	PTBP1	Polypyrimidine tract-binding protein 1 OS=Homo sapiens OX=9606 GN=PTBP1 PE=1 SV=1	
134	PTBP1_K562	PTBP1	K562	matched	direct	PTBP1	4922	4922	1024	sp|P26599|PTBP1_HUMAN	P26599	PTBP1_HUMAN	PTBP1	Polypyrimidine tract-binding protein 1 OS=Homo sapiens OX=9606 GN=PTBP1 PE=1 SV=1	
135	PUM1_K562	PUM1	K562	matched	direct	PUM1	4532	4532	1024	sp|Q14671|PUM1_HUMAN	Q14671	PUM1_HUMAN	PUM1	Pumilio homolog 1 OS=Homo sapiens OX=9606 GN=PUM1 PE=1 SV=3	
136	PUM2_K562	PUM2	K562	matched	direct	PUM2	4116	4116	1024	sp|Q8TB72|PUM2_HUMAN	Q8TB72	PUM2_HUMAN	PUM2	Pumilio homolog 2 OS=Homo sapiens OX=9606 GN=PUM2 PE=1 SV=2	
137	PUS1_K562	PUS1	K562	matched	direct	PUS1	10495	10495	1024	sp|Q9Y606|TRUA_HUMAN	Q9Y606	TRUA_HUMAN	PUS1	tRNA pseudouridine synthase A OS=Homo sapiens OX=9606 GN=PUS1 PE=1 SV=3	
138	QKI_HepG2	QKI	HepG2	matched	direct	QKI	3483	3483	1024	sp|Q96PU8|QKI_HUMAN	Q96PU8	QKI_HUMAN	QKI	Protein quaking OS=Homo sapiens OX=9606 GN=QKI PE=1 SV=1	
139	QKI_K562	QKI	K562	matched	direct	QKI	3483	3483	1024	sp|Q96PU8|QKI_HUMAN	Q96PU8	QKI_HUMAN	QKI	Protein quaking OS=Homo sapiens OX=9606 GN=QKI PE=1 SV=1	
140	RBFOX2_HepG2	RBFOX2	HepG2	matched	direct	RBFOX2	8741	8741	1024	sp|O43251|RFOX2_HUMAN	O43251	RFOX2_HUMAN	RBFOX2	RNA binding protein fox-1 homolog 2 OS=Homo sapiens OX=9606 GN=RBFOX2 PE=1 SV=3	
141	RBFOX2_K562	RBFOX2	K562	matched	direct	RBFOX2	8741	8741	1024	sp|O43251|RFOX2_HUMAN	O43251	RFOX2_HUMAN	RBFOX2	RNA binding protein fox-1 homolog 2 OS=Homo sapiens OX=9606 GN=RBFOX2 PE=1 SV=3	
142	RBM15_HepG2	RBM15	HepG2	matched	direct	RBM15	3963	3963	1024	sp|Q96T37|RBM15_HUMAN	Q96T37	RBM15_HUMAN	RBM15	RNA-binding protein 15 OS=Homo sapiens OX=9606 GN=RBM15 PE=1 SV=2	
143	RBM15_K562	RBM15	K562	matched	direct	RBM15	3963	3963	1024	sp|Q96T37|RBM15_HUMAN	Q96T37	RBM15_HUMAN	RBM15	RNA-binding protein 15 OS=Homo sapiens OX=9606 GN=RBM15 PE=1 SV=2	
144	RBM22_HepG2	RBM22	HepG2	matched	direct	RBM22	2329	2329	1024	sp|Q9NW64|RBM22_HUMAN	Q9NW64	RBM22_HUMAN	RBM22	Pre-mRNA-splicing factor RBM22 OS=Homo sapiens OX=9606 GN=RBM22 PE=1 SV=1	
145	RBM22_K562	RBM22	K562	matched	direct	RBM22	2329	2329	1024	sp|Q9NW64|RBM22_HUMAN	Q9NW64	RBM22_HUMAN	RBM22	Pre-mRNA-splicing factor RBM22 OS=Homo sapiens OX=9606 GN=RBM22 PE=1 SV=1	
146	RBM5_HepG2	RBM5	HepG2	matched	direct	RBM5	8658	8658	1024	sp|P52756|RBM5_HUMAN	P52756	RBM5_HUMAN	RBM5	RNA-binding protein 5 OS=Homo sapiens OX=9606 GN=RBM5 PE=1 SV=2	
147	RPS11_K562	RPS11	K562	matched	direct	RPS11	2788	2788	1024	sp|P62280|RS11_HUMAN	P62280	RS11_HUMAN	RPS11	40S ribosomal protein S11 OS=Homo sapiens OX=9606 GN=RPS11 PE=1 SV=3	
148	RPS3_HepG2	RPS3	HepG2	matched	direct	RPS3	1390	1390	1024	sp|P23396|RS3_HUMAN	P23396	RS3_HUMAN	RPS3	40S ribosomal protein S3 OS=Homo sapiens OX=9606 GN=RPS3 PE=1 SV=2	
149	RPS3_K562	RPS3	K562	matched	direct	RPS3	1390	1390	1024	sp|P23396|RS3_HUMAN	P23396	RS3_HUMAN	RPS3	40S ribosomal protein S3 OS=Homo sapiens OX=9606 GN=RPS3 PE=1 SV=2	
150	SAFB_HepG2	SAFB	HepG2	matched	direct	SAFB	8511	8511	1024	sp|Q15424|SAFB1_HUMAN	Q15424	SAFB1_HUMAN	SAFB	Scaffold attachment factor B1 OS=Homo sapiens OX=9606 GN=SAFB PE=1 SV=4	
151	SAFB_K562	SAFB	K562	matched	direct	SAFB	8511	8511	1024	sp|Q15424|SAFB1_HUMAN	Q15424	SAFB1_HUMAN	SAFB	Scaffold attachment factor B1 OS=Homo sapiens OX=9606 GN=SAFB PE=1 SV=4	
152	SAFB2_K562	SAFB2	K562	matched	direct	SAFB2	2341	2341	1024	sp|Q14151|SAFB2_HUMAN	Q14151	SAFB2_HUMAN	SAFB2	Scaffold attachment factor B2 OS=Homo sapiens OX=9606 GN=SAFB2 PE=1 SV=1	
153	SBDS_K562	SBDS	K562	matched	direct	SBDS	9999	9999	1024	sp|Q9Y3A5|SBDS_HUMAN	Q9Y3A5	SBDS_HUMAN	SBDS	Ribosome maturation protein SBDS OS=Homo sapiens OX=9606 GN=SBDS PE=1 SV=4	
154	SDAD1_HepG2	SDAD1	HepG2	matched	direct	SDAD1	8920	8920	1024	sp|Q9NVU7|SDA1_HUMAN	Q9NVU7	SDA1_HUMAN	SDAD1	Protein SDA1 homolog OS=Homo sapiens OX=9606 GN=SDAD1 PE=1 SV=3	
155	SDAD1_K562	SDAD1	K562	matched	direct	SDAD1	8920	8920	1024	sp|Q9NVU7|SDA1_HUMAN	Q9NVU7	SDA1_HUMAN	SDAD1	Protein SDA1 homolog OS=Homo sapiens OX=9606 GN=SDAD1 PE=1 SV=3	
156	SERBP1_K562	SERBP1	K562	matched	direct	SERBP1	4452	4452	1024	sp|Q8NC51|PAIRB_HUMAN	Q8NC51	PAIRB_HUMAN	SERBP1	Plasminogen activator inhibitor 1 RNA-binding protein OS=Homo sapiens OX=9606 GN=SERBP1 PE=1 SV=2	
157	SF3A3_HepG2	SF3A3	HepG2	matched	direct	SF3A3	4960	4960	1024	sp|Q12874|SF3A3_HUMAN	Q12874	SF3A3_HUMAN	SF3A3	Splicing factor 3A subunit 3 OS=Homo sapiens OX=9606 GN=SF3A3 PE=1 SV=1	
158	SF3B1_K562	SF3B1	K562	matched	direct	SF3B1	1900	1900	1024	sp|O75533|SF3B1_HUMAN	O75533	SF3B1_HUMAN	SF3B1	Splicing factor 3B subunit 1 OS=Homo sapiens OX=9606 GN=SF3B1 PE=1 SV=3	
159	SF3B4_HepG2	SF3B4	HepG2	matched	direct	SF3B4	9996	9996	1024	sp|Q15427|SF3B4_HUMAN	Q15427	SF3B4_HUMAN	SF3B4	Splicing factor 3B subunit 4 OS=Homo sapiens OX=9606 GN=SF3B4 PE=1 SV=1	
160	SF3B4_K562	SF3B4	K562	matched	direct	SF3B4	9996	9996	1024	sp|Q15427|SF3B4_HUMAN	Q15427	SF3B4_HUMAN	SF3B4	Splicing factor 3B subunit 4 OS=Homo sapiens OX=9606 GN=SF3B4 PE=1 SV=1	
161	SFPQ_HepG2	SFPQ	HepG2	matched	direct	SFPQ	1007	1007	1024	sp|P23246|SFPQ_HUMAN	P23246	SFPQ_HUMAN	SFPQ	Splicing factor, proline- and glutamine-rich OS=Homo sapiens OX=9606 GN=SFPQ PE=1 SV=2	
162	SLBP_K562	SLBP	K562	matched	direct	SLBP	4973	4973	1024	sp|Q14493|SLBP_HUMAN	Q14493	SLBP_HUMAN	SLBP	Histone RNA hairpin-binding protein OS=Homo sapiens OX=9606 GN=SLBP PE=1 SV=1	
163	SLTM_HepG2	SLTM	HepG2	matched	direct	SLTM	9827	9827	1024	sp|Q9NWH9|SLTM_HUMAN	Q9NWH9	SLTM_HUMAN	SLTM	SAFB-like transcription modulator OS=Homo sapiens OX=9606 GN=SLTM PE=1 SV=2	
164	SLTM_K562	SLTM	K562	matched	direct	SLTM	9827	9827	1024	sp|Q9NWH9|SLTM_HUMAN	Q9NWH9	SLTM_HUMAN	SLTM	SAFB-like transcription modulator OS=Homo sapiens OX=9606 GN=SLTM PE=1 SV=2	
165	SMNDC1_HepG2	SMNDC1	HepG2	matched	direct	SMNDC1	2382	2382	1024	sp|O75940|SPF30_HUMAN	O75940	SPF30_HUMAN	SMNDC1	Survival of motor neuron-related-splicing factor 30 OS=Homo sapiens OX=9606 GN=SMNDC1 PE=1 SV=1	
166	SMNDC1_K562	SMNDC1	K562	matched	direct	SMNDC1	2382	2382	1024	sp|O75940|SPF30_HUMAN	O75940	SPF30_HUMAN	SMNDC1	Survival of motor neuron-related-splicing factor 30 OS=Homo sapiens OX=9606 GN=SMNDC1 PE=1 SV=1	
167	SND1_HepG2	SND1	HepG2	matched	direct	SND1	9086	9086	1024	sp|Q7KZF4|SND1_HUMAN	Q7KZF4	SND1_HUMAN	SND1	Staphylococcal nuclease domain-containing protein 1 OS=Homo sapiens OX=9606 GN=SND1 PE=1 SV=1	
168	SND1_K562	SND1	K562	matched	direct	SND1	9086	9086	1024	sp|Q7KZF4|SND1_HUMAN	Q7KZF4	SND1_HUMAN	SND1	Staphylococcal nuclease domain-containing protein 1 OS=Homo sapiens OX=9606 GN=SND1 PE=1 SV=1	
169	SRSF1_HepG2	SRSF1	HepG2	matched	direct	SRSF1	7345	7345	1024	sp|Q07955|SRSF1_HUMAN	Q07955	SRSF1_HUMAN	SRSF1	Serine/arginine-rich splicing factor 1 OS=Homo sapiens OX=9606 GN=SRSF1 PE=1 SV=2	
170	SRSF1_K562	SRSF1	K562	matched	direct	SRSF1	7345	7345	1024	sp|Q07955|SRSF1_HUMAN	Q07955	SRSF1_HUMAN	SRSF1	Serine/arginine-rich splicing factor 1 OS=Homo sapiens OX=9606 GN=SRSF1 PE=1 SV=2	
171	SRSF7_HepG2	SRSF7	HepG2	matched	direct	SRSF7	7184	7184	1024	sp|Q16629|SRSF7_HUMAN	Q16629	SRSF7_HUMAN	SRSF7	Serine/arginine-rich splicing factor 7 OS=Homo sapiens OX=9606 GN=SRSF7 PE=1 SV=1	
172	SRSF7_K562	SRSF7	K562	matched	direct	SRSF7	7184	7184	1024	sp|Q16629|SRSF7_HUMAN	Q16629	SRSF7_HUMAN	SRSF7	Serine/arginine-rich splicing factor 7 OS=Homo sapiens OX=9606 GN=SRSF7 PE=1 SV=1	
173	SRSF9_HepG2	SRSF9	HepG2	matched	direct	SRSF9	2090	2090	1024	sp|Q13242|SRSF9_HUMAN	Q13242	SRSF9_HUMAN	SRSF9	Serine/arginine-rich splicing factor 9 OS=Homo sapiens OX=9606 GN=SRSF9 PE=1 SV=1	
174	SSB_HepG2	SSB	HepG2	matched	direct	SSB	18638	18638	1024	sp|P05455|LA_HUMAN	P05455	LA_HUMAN	SSB	Lupus La protein OS=Homo sapiens OX=9606 GN=SSB PE=1 SV=2	
175	SSB_K562	SSB	K562	matched	direct	SSB	18638	18638	1024	sp|P05455|LA_HUMAN	P05455	LA_HUMAN	SSB	Lupus La protein OS=Homo sapiens OX=9606 GN=SSB PE=1 SV=2	
176	STAU2_HepG2	STAU2	HepG2	matched	direct	STAU2	4703	4703	1024	sp|Q9NUL3|STAU2_HUMAN	Q9NUL3	STAU2_HUMAN	STAU2	Double-stranded RNA-binding protein Staufen homolog 2 OS=Homo sapiens OX=9606 GN=STAU2 PE=1 SV=2	
177	SUB1_HepG2	SUB1	HepG2	matched	direct	SUB1	1210	1210	1024	sp|P53999|TCP4_HUMAN	P53999	TCP4_HUMAN	SUB1	Activated RNA polymerase II transcriptional coactivator p15 OS=Homo sapiens OX=9606 GN=SUB1 PE=1 SV=3	
178	SUGP2_HepG2	SUGP2	HepG2	matched	direct	SUGP2	5110	5110	1024	sp|Q8IX01|SUGP2_HUMAN	Q8IX01	SUGP2_HUMAN	SUGP2	SURP and G-patch domain-containing protein 2 OS=Homo sapiens OX=9606 GN=SUGP2 PE=1 SV=2	
179	SUPV3L1_HepG2	SUPV3L1	HepG2	matched	direct	SUPV3L1	4892	4892	1024	sp|Q8IYB8|SUV3_HUMAN	Q8IYB8	SUV3_HUMAN	SUPV3L1	ATP-dependent RNA helicase SUPV3L1, mitochondrial OS=Homo sapiens OX=9606 GN=SUPV3L1 PE=1 SV=1	
180	SUPV3L1_K562	SUPV3L1	K562	matched	direct	SUPV3L1	4892	4892	1024	sp|Q8IYB8|SUV3_HUMAN	Q8IYB8	SUV3_HUMAN	SUPV3L1	ATP-dependent RNA helicase SUPV3L1, mitochondrial OS=Homo sapiens OX=9606 GN=SUPV3L1 PE=1 SV=1	
181	TAF15_HepG2	TAF15	HepG2	matched	direct	TAF15	8881	8881	1024	sp|Q92804|RBP56_HUMAN	Q92804	RBP56_HUMAN	TAF15	TATA-binding protein-associated factor 2N OS=Homo sapiens OX=9606 GN=TAF15 PE=1 SV=1	
182	TAF15_K562	TAF15	K562	matched	direct	TAF15	8881	8881	1024	sp|Q92804|RBP56_HUMAN	Q92804	RBP56_HUMAN	TAF15	TATA-binding protein-associated factor 2N OS=Homo sapiens OX=9606 GN=TAF15 PE=1 SV=1	
183	TARDBP_K562	TARDBP	K562	matched	direct	TARDBP	1529	1529	1024	sp|Q13148|TADBP_HUMAN	Q13148	TADBP_HUMAN	TARDBP	TAR DNA-binding protein 43 OS=Homo sapiens OX=9606 GN=TARDBP PE=1 SV=1	
184	TBRG4_HepG2	TBRG4	HepG2	matched	direct	TBRG4	12168	12168	1024	sp|Q969Z0|FAKD4_HUMAN	Q969Z0	FAKD4_HUMAN	TBRG4	FAST kinase domain-containing protein 4 OS=Homo sapiens OX=9606 GN=TBRG4 PE=1 SV=1	
185	TBRG4_K562	TBRG4	K562	matched	direct	TBRG4	12168	12168	1024	sp|Q969Z0|FAKD4_HUMAN	Q969Z0	FAKD4_HUMAN	TBRG4	FAST kinase domain-containing protein 4 OS=Homo sapiens OX=9606 GN=TBRG4 PE=1 SV=1	
186	TIA1_HepG2	TIA1	HepG2	matched	direct	TIA1	6939	6939	1024	sp|P31483|TIA1_HUMAN	P31483	TIA1_HUMAN	TIA1	Nucleolysin TIA-1 isoform p40 OS=Homo sapiens OX=9606 GN=TIA1 PE=1 SV=3	
187	TIA1_K562	TIA1	K562	matched	direct	TIA1	6939	6939	1024	sp|P31483|TIA1_HUMAN	P31483	TIA1_HUMAN	TIA1	Nucleolysin TIA-1 isoform p40 OS=Homo sapiens OX=9606 GN=TIA1 PE=1 SV=3	
188	TIAL1_HepG2	TIAL1	HepG2	matched	direct	TIAL1	5296	5296	1024	sp|Q01085|TIAR_HUMAN	Q01085	TIAR_HUMAN	TIAL1	Nucleolysin TIAR OS=Homo sapiens OX=9606 GN=TIAL1 PE=1 SV=1	
189	TRA2A_HepG2	TRA2A	HepG2	matched	direct	TRA2A	1556	1556	1024	sp|Q13595|TRA2A_HUMAN	Q13595	TRA2A_HUMAN	TRA2A	Transformer-2 protein homolog alpha OS=Homo sapiens OX=9606 GN=TRA2A PE=1 SV=1	
190	TRA2A_K562	TRA2A	K562	matched	direct	TRA2A	1556	1556	1024	sp|Q13595|TRA2A_HUMAN	Q13595	TRA2A_HUMAN	TRA2A	Transformer-2 protein homolog alpha OS=Homo sapiens OX=9606 GN=TRA2A PE=1 SV=1	
191	TROVE2_HepG2	TROVE2	HepG2	matched	alias	RO60	9484	9484	1024	sp|P10155|RO60_HUMAN	P10155	RO60_HUMAN	RO60	60 kDa SS-A/Ro ribonucleoprotein OS=Homo sapiens OX=9606 GN=RO60 PE=1 SV=2	TROVE2->RO60
192	TROVE2_K562	TROVE2	K562	matched	alias	RO60	9484	9484	1024	sp|P10155|RO60_HUMAN	P10155	RO60_HUMAN	RO60	60 kDa SS-A/Ro ribonucleoprotein OS=Homo sapiens OX=9606 GN=RO60 PE=1 SV=2	TROVE2->RO60
193	U2AF1_HepG2	U2AF1	HepG2	matched	direct	U2AF1	8093	8093	1024	sp|Q01081|U2AF1_HUMAN	Q01081	U2AF1_HUMAN	U2AF1	Splicing factor U2AF 35 kDa subunit OS=Homo sapiens OX=9606 GN=U2AF1 PE=1 SV=3	
194	U2AF1_K562	U2AF1	K562	matched	direct	U2AF1	8093	8093	1024	sp|Q01081|U2AF1_HUMAN	Q01081	U2AF1_HUMAN	U2AF1	Splicing factor U2AF 35 kDa subunit OS=Homo sapiens OX=9606 GN=U2AF1 PE=1 SV=3	
195	U2AF2_HepG2	U2AF2	HepG2	matched	direct	U2AF2	10352	10352	1024	sp|P26368|U2AF2_HUMAN	P26368	U2AF2_HUMAN	U2AF2	Splicing factor U2AF 65 kDa subunit OS=Homo sapiens OX=9606 GN=U2AF2 PE=1 SV=4	
196	U2AF2_K562	U2AF2	K562	matched	direct	U2AF2	10352	10352	1024	sp|P26368|U2AF2_HUMAN	P26368	U2AF2_HUMAN	U2AF2	Splicing factor U2AF 65 kDa subunit OS=Homo sapiens OX=9606 GN=U2AF2 PE=1 SV=4	
197	UCHL5_HepG2	UCHL5	HepG2	matched	direct	UCHL5	10216	10216	1024	sp|Q9Y5K5|UCHL5_HUMAN	Q9Y5K5	UCHL5_HUMAN	UCHL5	Ubiquitin carboxyl-terminal hydrolase isozyme L5 OS=Homo sapiens OX=9606 GN=UCHL5 PE=1 SV=3	
198	UCHL5_K562	UCHL5	K562	matched	direct	UCHL5	10216	10216	1024	sp|Q9Y5K5|UCHL5_HUMAN	Q9Y5K5	UCHL5_HUMAN	UCHL5	Ubiquitin carboxyl-terminal hydrolase isozyme L5 OS=Homo sapiens OX=9606 GN=UCHL5 PE=1 SV=3	
199	UPF1_HepG2	UPF1	HepG2	matched	direct	UPF1	3057	3057	1024	sp|Q92900|RENT1_HUMAN	Q92900	RENT1_HUMAN	UPF1	Regulator of nonsense transcripts 1 OS=Homo sapiens OX=9606 GN=UPF1 PE=1 SV=2	
200	UPF1_K562	UPF1	K562	matched	direct	UPF1	3057	3057	1024	sp|Q92900|RENT1_HUMAN	Q92900	RENT1_HUMAN	UPF1	Regulator of nonsense transcripts 1 OS=Homo sapiens OX=9606 GN=UPF1 PE=1 SV=2	
201	UTP18_HepG2	UTP18	HepG2	matched	direct	UTP18	262	262	1024	sp|Q9Y5J1|UTP18_HUMAN	Q9Y5J1	UTP18_HUMAN	UTP18	U3 small nucleolar RNA-associated protein 18 homolog OS=Homo sapiens OX=9606 GN=UTP18 PE=1 SV=3	
202	UTP18_K562	UTP18	K562	matched	direct	UTP18	262	262	1024	sp|Q9Y5J1|UTP18_HUMAN	Q9Y5J1	UTP18_HUMAN	UTP18	U3 small nucleolar RNA-associated protein 18 homolog OS=Homo sapiens OX=9606 GN=UTP18 PE=1 SV=3	
203	UTP3_K562	UTP3	K562	matched	direct	UTP3	1789	1789	1024	sp|Q9NQZ2|SAS10_HUMAN	Q9NQZ2	SAS10_HUMAN	UTP3	Something about silencing protein 10 OS=Homo sapiens OX=9606 GN=UTP3 PE=1 SV=1	
204	WDR3_K562	WDR3	K562	matched	direct	WDR3	7640	7640	1024	sp|Q9UNX4|WDR3_HUMAN	Q9UNX4	WDR3_HUMAN	WDR3	WD repeat-containing protein 3 OS=Homo sapiens OX=9606 GN=WDR3 PE=1 SV=1	
205	WDR43_HepG2	WDR43	HepG2	matched	direct	WDR43	7199	7199	1024	sp|Q15061|WDR43_HUMAN	Q15061	WDR43_HUMAN	WDR43	WD repeat-containing protein 43 OS=Homo sapiens OX=9606 GN=WDR43 PE=1 SV=3	
206	WDR43_K562	WDR43	K562	matched	direct	WDR43	7199	7199	1024	sp|Q15061|WDR43_HUMAN	Q15061	WDR43_HUMAN	WDR43	WD repeat-containing protein 43 OS=Homo sapiens OX=9606 GN=WDR43 PE=1 SV=3	
207	WRN_K562	WRN	K562	matched	direct	WRN	3799	3799	1024	sp|Q14191|WRN_HUMAN	Q14191	WRN_HUMAN	WRN	Werner syndrome ATP-dependent helicase OS=Homo sapiens OX=9606 GN=WRN PE=1 SV=2	
208	XPO5_HepG2	XPO5	HepG2	matched	direct	XPO5	118	118	1024	sp|Q9HAV4|XPO5_HUMAN	Q9HAV4	XPO5_HUMAN	XPO5	Exportin-5 OS=Homo sapiens OX=9606 GN=XPO5 PE=1 SV=1	
209	XRCC6_HepG2	XRCC6	HepG2	matched	direct	XRCC6	4831	4831	1024	sp|P12956|XRCC6_HUMAN	P12956	XRCC6_HUMAN	XRCC6	X-ray repair cross-complementing protein 6 OS=Homo sapiens OX=9606 GN=XRCC6 PE=1 SV=2	
210	XRCC6_K562	XRCC6	K562	matched	direct	XRCC6	4831	4831	1024	sp|P12956|XRCC6_HUMAN	P12956	XRCC6_HUMAN	XRCC6	X-ray repair cross-complementing protein 6 OS=Homo sapiens OX=9606 GN=XRCC6 PE=1 SV=2	
211	XRN2_HepG2	XRN2	HepG2	matched	direct	XRN2	3802	3802	1024	sp|Q9H0D6|XRN2_HUMAN	Q9H0D6	XRN2_HUMAN	XRN2	5'-3' exoribonuclease 2 OS=Homo sapiens OX=9606 GN=XRN2 PE=1 SV=1	
212	XRN2_K562	XRN2	K562	matched	direct	XRN2	3802	3802	1024	sp|Q9H0D6|XRN2_HUMAN	Q9H0D6	XRN2_HUMAN	XRN2	5'-3' exoribonuclease 2 OS=Homo sapiens OX=9606 GN=XRN2 PE=1 SV=1	
213	YBX3_HepG2	YBX3	HepG2	matched	direct	YBX3	7236	7236	1024	sp|P16989|YBOX3_HUMAN	P16989	YBOX3_HUMAN	YBX3	Y-box-binding protein 3 OS=Homo sapiens OX=9606 GN=YBX3 PE=1 SV=4	
214	YBX3_K562	YBX3	K562	matched	direct	YBX3	7236	7236	1024	sp|P16989|YBOX3_HUMAN	P16989	YBOX3_HUMAN	YBX3	Y-box-binding protein 3 OS=Homo sapiens OX=9606 GN=YBX3 PE=1 SV=4	
215	YWHAG_K562	YWHAG	K562	matched	direct	YWHAG	11138	11138	1024	sp|P61981|1433G_HUMAN	P61981	1433G_HUMAN	YWHAG	14-3-3 protein gamma OS=Homo sapiens OX=9606 GN=YWHAG PE=1 SV=2	
216	ZC3H11A_HepG2	ZC3H11A	HepG2	matched	direct	ZC3H11A	8099	8099	1024	sp|O75152|ZC11A_HUMAN	O75152	ZC11A_HUMAN	ZC3H11A	Zinc finger CCCH domain-containing protein 11A OS=Homo sapiens OX=9606 GN=ZC3H11A PE=1 SV=3	
217	ZC3H11A_K562	ZC3H11A	K562	matched	direct	ZC3H11A	8099	8099	1024	sp|O75152|ZC11A_HUMAN	O75152	ZC11A_HUMAN	ZC3H11A	Zinc finger CCCH domain-containing protein 11A OS=Homo sapiens OX=9606 GN=ZC3H11A PE=1 SV=3	
218	ZC3H8_K562	ZC3H8	K562	matched	direct	ZC3H8	539	539	1024	sp|Q8N5P1|ZC3H8_HUMAN	Q8N5P1	ZC3H8_HUMAN	ZC3H8	Zinc finger CCCH domain-containing protein 8 OS=Homo sapiens OX=9606 GN=ZC3H8 PE=1 SV=2	
219	ZNF622_K562	ZNF622	K562	matched	direct	ZNF622	3789	3789	1024	sp|Q969S3|ZN622_HUMAN	Q969S3	ZN622_HUMAN	ZNF622	Zinc finger protein 622 OS=Homo sapiens OX=9606 GN=ZNF622 PE=1 SV=1	
220	ZNF800_HepG2	ZNF800	HepG2	matched	direct	ZNF800	3839	3839	1024	sp|Q2TB10|ZN800_HUMAN	Q2TB10	ZN800_HUMAN	ZNF800	Zinc finger protein 800 OS=Homo sapiens OX=9606 GN=ZNF800 PE=1 SV=1	
221	ZNF800_K562	ZNF800	K562	matched	direct	ZNF800	3839	3839	1024	sp|Q2TB10|ZN800_HUMAN	Q2TB10	ZN800_HUMAN	ZNF800	Zinc finger protein 800 OS=Homo sapiens OX=9606 GN=ZNF800 PE=1 SV=1	
222	ZRANB2_K562	ZRANB2	K562	matched	direct	ZRANB2	3731	3731	1024	sp|O95218|ZRAB2_HUMAN	O95218	ZRAB2_HUMAN	ZRANB2	Zinc finger Ran-binding domain-containing protein 2 OS=Homo sapiens OX=9606 GN=ZRANB2 PE=1 SV=2	
